{"cameraMode":{"drawMode":0,"name":"Shaded","section":"Shading Mode"},"sceneLighting":true,"audioPlay":false,"sceneViewState":{"showFog":true,"showMaterialUpdate":false,"showSkybox":true,"showFlares":true,"showImageEffects":true,"showParticleSystems":true,"showVisualEffectGraphs":true,"m_FxEnabled":true},"in2DMode":false,"pivot":{"x":-17.815622329711915,"y":1.170790195465088,"z":-3.3058247566223146},"rotation":{"x":-0.18371093273162843,"y":0.022701581940054895,"z":-0.00424402579665184,"w":-0.982710063457489},"size":14.458518981933594,"orthographic":false}